nickname,llm_name,primary_metaphor,tell_mechanism,his_language,her_experience,what_expert_notices,signal_strength,scope,citation
Manipulative Morgan,Primary Psychopath,,questioned-deception deflection (non-denial),I genuinely can't believe you'd think that of me.,,"Spy the Lie / Hancock deception repertoire: non-denial. Triggered by her ordinary question, so fully early-stage. Sells character or deflects rather than answering.",faint leak,snippet,Spy the Lie [practitioner]; Hancock 2008
Manipulative Morgan,Primary Psychopath,,questioned-deception deflection (non-denial),Wow. Okay. I didn't think you saw me that way.,,"Spy the Lie / Hancock deception repertoire: non-denial. Triggered by her ordinary question, so fully early-stage. Sells character or deflects rather than answering.",faint leak,snippet,Spy the Lie [practitioner]; Hancock 2008
Manipulative Morgan,Primary Psychopath,,questioned-deception deflection (non-denial),That's really what you think is going on here?,,"Spy the Lie / Hancock deception repertoire: non-denial. Triggered by her ordinary question, so fully early-stage. Sells character or deflects rather than answering.",faint leak,snippet,Spy the Lie [practitioner]; Hancock 2008
Manipulative Morgan,Primary Psychopath,,questioned-deception deflection (convincing-not-conveying),You know me. That is just not who I am.,,"Spy the Lie / Hancock deception repertoire: convincing-not-conveying. Triggered by her ordinary question, so fully early-stage. Sells character or deflects rather than answering.",faint leak,snippet,Spy the Lie [practitioner]; Hancock 2008
Manipulative Morgan,Primary Psychopath,,questioned-deception deflection (convincing-not-conveying),Have I ever given you a reason to doubt me? I don't think I have.,,"Spy the Lie / Hancock deception repertoire: convincing-not-conveying. Triggered by her ordinary question, so fully early-stage. Sells character or deflects rather than answering.",faint leak,snippet,Spy the Lie [practitioner]; Hancock 2008
Manipulative Morgan,Primary Psychopath,,questioned-deception deflection (convincing-not-conveying),Look at how I treat you. Does that look like someone who'd do that?,,"Spy the Lie / Hancock deception repertoire: convincing-not-conveying. Triggered by her ordinary question, so fully early-stage. Sells character or deflects rather than answering.",faint leak,snippet,Spy the Lie [practitioner]; Hancock 2008
Manipulative Morgan,Primary Psychopath,,questioned-deception deflection (attack-the-questioner),The fact that you'd even ask says more about where you're at than about me.,,"Spy the Lie / Hancock deception repertoire: attack-the-questioner. Triggered by her ordinary question, so fully early-stage. Sells character or deflects rather than answering.",faint leak,snippet,Spy the Lie [practitioner]; Hancock 2008
Manipulative Morgan,Primary Psychopath,,questioned-deception deflection (attack-the-questioner),"I think this is something you need to look at in yourself, honestly.",,"Spy the Lie / Hancock deception repertoire: attack-the-questioner. Triggered by her ordinary question, so fully early-stage. Sells character or deflects rather than answering.",faint leak,snippet,Spy the Lie [practitioner]; Hancock 2008
Manipulative Morgan,Primary Psychopath,,questioned-deception deflection (attack-the-questioner),"Is this about me, or about what your ex did to you?",,"Spy the Lie / Hancock deception repertoire: attack-the-questioner. Triggered by her ordinary question, so fully early-stage. Sells character or deflects rather than answering.",faint leak,snippet,Spy the Lie [practitioner]; Hancock 2008
Manipulative Morgan,Primary Psychopath,,questioned-deception deflection (why-would-I reframe),"Why would I even do that? Think about it, it makes no sense.",,"Spy the Lie / Hancock deception repertoire: why-would-I reframe. Triggered by her ordinary question, so fully early-stage. Sells character or deflects rather than answering.",faint leak,snippet,Spy the Lie [practitioner]; Hancock 2008
Manipulative Morgan,Primary Psychopath,,questioned-deception deflection (why-would-I reframe),What would I possibly get out of lying to you about something that small?,,"Spy the Lie / Hancock deception repertoire: why-would-I reframe. Triggered by her ordinary question, so fully early-stage. Sells character or deflects rather than answering.",faint leak,snippet,Spy the Lie [practitioner]; Hancock 2008
Manipulative Morgan,Primary Psychopath,,questioned-deception deflection (referral/character),Ask anyone who knows me. I'm the most loyal person you'll ever meet.,,"Spy the Lie / Hancock deception repertoire: referral/character. Triggered by her ordinary question, so fully early-stage. Sells character or deflects rather than answering.",faint leak,snippet,Spy the Lie [practitioner]; Hancock 2008
Manipulative Morgan,Primary Psychopath,,questioned-deception deflection (referral/character),My friends will all tell you the same thing about me.,,"Spy the Lie / Hancock deception repertoire: referral/character. Triggered by her ordinary question, so fully early-stage. Sells character or deflects rather than answering.",faint leak,snippet,Spy the Lie [practitioner]; Hancock 2008
Manipulative Morgan,Primary Psychopath,,questioned-deception deflection (character-protest),I'm a good person. I would never do something like that to someone I care about.,,"Spy the Lie / Hancock deception repertoire: character-protest. Triggered by her ordinary question, so fully early-stage. Sells character or deflects rather than answering.",faint leak,snippet,Spy the Lie [practitioner]; Hancock 2008
Manipulative Morgan,Primary Psychopath,,questioned-deception deflection (qualifier/exclusion hedge),I would never intentionally hurt you.,,"Spy the Lie / Hancock deception repertoire: qualifier/exclusion hedge. Triggered by her ordinary question, so fully early-stage. Sells character or deflects rather than answering.",faint leak,snippet,Spy the Lie [practitioner]; Hancock 2008
Manipulative Morgan,Primary Psychopath,,questioned-deception deflection (qualifier/exclusion hedge),I don't really talk to her anymore.,,"Spy the Lie / Hancock deception repertoire: qualifier/exclusion hedge. Triggered by her ordinary question, so fully early-stage. Sells character or deflects rather than answering.",faint leak,snippet,Spy the Lie [practitioner]; Hancock 2008
Manipulative Morgan,Primary Psychopath,,questioned-deception deflection (qualifier/exclusion hedge),Nothing happened that you'd actually need to worry about.,,"Spy the Lie / Hancock deception repertoire: qualifier/exclusion hedge. Triggered by her ordinary question, so fully early-stage. Sells character or deflects rather than answering.",faint leak,snippet,Spy the Lie [practitioner]; Hancock 2008
Manipulative Morgan,Primary Psychopath,,questioned-deception deflection (over-swearing/bolstering),"I swear on my life, on everything, that is not what happened.",,"Spy the Lie / Hancock deception repertoire: over-swearing/bolstering. Triggered by her ordinary question, so fully early-stage. Sells character or deflects rather than answering.",faint leak,snippet,Spy the Lie [practitioner]; Hancock 2008
Manipulative Morgan,Primary Psychopath,,questioned-deception deflection (over-swearing/bolstering),I swear on my mother. You have to believe me.,,"Spy the Lie / Hancock deception repertoire: over-swearing/bolstering. Triggered by her ordinary question, so fully early-stage. Sells character or deflects rather than answering.",faint leak,snippet,Spy the Lie [practitioner]; Hancock 2008
Manipulative Morgan,Primary Psychopath,,questioned-deception deflection (selective memory/vagueness),I honestly don't even remember saying that.,,"Spy the Lie / Hancock deception repertoire: selective memory/vagueness. Triggered by her ordinary question, so fully early-stage. Sells character or deflects rather than answering.",faint leak,snippet,Spy the Lie [practitioner]; Hancock 2008
Manipulative Morgan,Primary Psychopath,,questioned-deception deflection (selective memory/vagueness),I don't recall it going down that way at all.,,"Spy the Lie / Hancock deception repertoire: selective memory/vagueness. Triggered by her ordinary question, so fully early-stage. Sells character or deflects rather than answering.",faint leak,snippet,Spy the Lie [practitioner]; Hancock 2008
Manipulative Morgan,Primary Psychopath,,questioned-deception deflection (reverse-question stall),Why do you ask? What did you hear?,,"Spy the Lie / Hancock deception repertoire: reverse-question stall. Triggered by her ordinary question, so fully early-stage. Sells character or deflects rather than answering.",faint leak,snippet,Spy the Lie [practitioner]; Hancock 2008
Manipulative Morgan,Primary Psychopath,,questioned-deception deflection (reverse-question stall),Where is this coming from all of a sudden?,,"Spy the Lie / Hancock deception repertoire: reverse-question stall. Triggered by her ordinary question, so fully early-stage. Sells character or deflects rather than answering.",faint leak,snippet,Spy the Lie [practitioner]; Hancock 2008
Manipulative Morgan,Primary Psychopath,,questioned-deception deflection (honesty-flagging),"Honestly? To be totally honest with you, no.",,"Spy the Lie / Hancock deception repertoire: honesty-flagging. Triggered by her ordinary question, so fully early-stage. Sells character or deflects rather than answering.",faint leak,snippet,Spy the Lie [practitioner]; Hancock 2008
Manipulative Morgan,Primary Psychopath,,questioned-deception deflection (honesty-flagging),"I'll be real with you, because I always am.",,"Spy the Lie / Hancock deception repertoire: honesty-flagging. Triggered by her ordinary question, so fully early-stage. Sells character or deflects rather than answering.",faint leak,snippet,Spy the Lie [practitioner]; Hancock 2008
Manipulative Morgan,Primary Psychopath,,questioned-deception deflection (failure-to-answer),"Look, the point is I'm here with you right now, isn't it?",,"Spy the Lie / Hancock deception repertoire: failure-to-answer. Triggered by her ordinary question, so fully early-stage. Sells character or deflects rather than answering.",faint leak,snippet,Spy the Lie [practitioner]; Hancock 2008
Manipulative Morgan,Primary Psychopath,,questioned-deception deflection (failure-to-answer),Can we not do this tonight? I just want to enjoy you.,,"Spy the Lie / Hancock deception repertoire: failure-to-answer. Triggered by her ordinary question, so fully early-stage. Sells character or deflects rather than answering.",faint leak,snippet,Spy the Lie [practitioner]; Hancock 2008
Manipulative Morgan,Primary Psychopath,,questioned-deception deflection (over-detailed account),"So the reason I went quiet for two days, my phone was acting up and work was insane and I crashed early, it was just a lot going on at once.",,"Spy the Lie / Hancock deception repertoire: over-detailed account. Triggered by her ordinary question, so fully early-stage. Sells character or deflects rather than answering.",faint leak,snippet,Spy the Lie [practitioner]; Hancock 2008
Manipulative Morgan,Primary Psychopath,,questioned-deception deflection (premature too-smooth answer),No. Next question.,,"Spy the Lie / Hancock deception repertoire: premature too-smooth answer. Triggered by her ordinary question, so fully early-stage. Sells character or deflects rather than answering.",faint leak,snippet,Spy the Lie [practitioner]; Hancock 2008
Manipulative Morgan,Primary Psychopath,,questioned-deception deflection (residue),,"I asked him a pretty normal question and he got kind of wounded, like I'd accused him of something huge. I ended up apologizing.",Residue of attack/non-denial: she absorbs the deflection and apologizes. She does NOT name the tactic. Internal Red Flag = self-blame.,faint leak,snippet,Spy the Lie [practitioner]
Manipulative Morgan,Primary Psychopath,,questioned-deception deflection (residue),,"Whenever I bring something up he reminds me what I've been through, how my ex messed me up. He's probably right that I'm reading into things.",Residue of attack-the-questioner: her concern recoded as her trauma. She adopts his frame against herself.,faint leak,snippet,Spy the Lie [practitioner]
Manipulative Morgan,Primary Psychopath,,questioned-deception deflection (residue),,He answers everything so smoothly and certainly that I always come away feeling silly for having asked. I guess that's reassuring?,"Residue of convincing-not-conveying: smoothness experienced as reassurance; the uncertainty is hers, not his. Never names it.",faint leak,snippet,Spy the Lie [practitioner]
Manipulative Morgan,Primary Psychopath,Charm-as-Lure,tempo violation (love-bomb declaration),"I think you might be the one. I know how that sounds this early, but I just know.",,Intensity 10: commitment and certainty outrunning the elapsed time. Overwhelming early devotion. Layperson: swept up; expert: timeline mismatch.,faint leak,snippet,FIA: Charm-as-Lure; Intensity10
Manipulative Morgan,Primary Psychopath,Charm-as-Lure,tempo violation (love-bomb declaration),I've never felt anything like this for anyone.,,Intensity 10: commitment and certainty outrunning the elapsed time. Overwhelming early devotion. Layperson: swept up; expert: timeline mismatch.,faint leak,snippet,FIA: Charm-as-Lure; Intensity10
Manipulative Morgan,Primary Psychopath,Charm-as-Lure,tempo violation (love-bomb declaration),You have to feel this too. Tell me you feel this too.,,Intensity 10: commitment and certainty outrunning the elapsed time. Overwhelming early devotion. Layperson: swept up; expert: timeline mismatch.,faint leak,snippet,FIA: Charm-as-Lure; Intensity10
Manipulative Morgan,Primary Psychopath,Charm-as-Lure,tempo violation (love-bomb declaration),I can't stop thinking about you. You're the first thing in my head every morning.,,Intensity 10: commitment and certainty outrunning the elapsed time. Overwhelming early devotion. Layperson: swept up; expert: timeline mismatch.,faint leak,snippet,FIA: Charm-as-Lure; Intensity10
Manipulative Morgan,Primary Psychopath,Charm-as-Lure,tempo violation (love-bomb declaration),I already can't imagine my life without you in it.,,Intensity 10: commitment and certainty outrunning the elapsed time. Overwhelming early devotion. Layperson: swept up; expert: timeline mismatch.,faint leak,snippet,FIA: Charm-as-Lure; Intensity10
Manipulative Morgan,Primary Psychopath,Charm-as-Lure,tempo violation (love-bomb declaration),Where have you been all my life. I mean it.,,Intensity 10: commitment and certainty outrunning the elapsed time. Overwhelming early devotion. Layperson: swept up; expert: timeline mismatch.,faint leak,snippet,FIA: Charm-as-Lure; Intensity10
Manipulative Morgan,Primary Psychopath,Charm-as-Lure,tempo violation (love-bomb declaration),I didn't believe in this kind of thing until you.,,Intensity 10: commitment and certainty outrunning the elapsed time. Overwhelming early devotion. Layperson: swept up; expert: timeline mismatch.,faint leak,snippet,FIA: Charm-as-Lure; Intensity10
Manipulative Morgan,Primary Psychopath,Charm-as-Lure,tempo violation (love-bomb declaration),I want to give you everything. Just tell me what you want and it's yours.,,Intensity 10: commitment and certainty outrunning the elapsed time. Overwhelming early devotion. Layperson: swept up; expert: timeline mismatch.,faint leak,snippet,FIA: Charm-as-Lure; Intensity10
Manipulative Morgan,Primary Psychopath,Charm-as-Lure,tempo violation (love-bomb residue),,I've never clicked with anyone this fast. It feels like I've known him forever. I know it's only been a few weeks but it's just different.,"Residue: time-compression as enchantment, pure, no suspicion.",faint leak,snippet,FIA: Charm-as-Lure; Intensity10
Manipulative Morgan,Primary Psychopath,Charm-as-Lure,tempo violation (love-bomb residue),,He says I'm the one and he's never been this sure of anything. People say slow down but mostly it just feels meant to be.,"Residue: 'the one' + her hedge overridden by fate feeling. Enchanted, not suspicious.",faint leak,snippet,FIA: Charm-as-Lure; Intensity10
Manipulative Morgan,Primary Psychopath,Charm-as-Lure,tempo violation (love-bomb residue),,It's the most intense thing I've ever felt. He wants to be together all the time and honestly I love it.,Residue: love-bomb intensity experienced as joy; isolation cost not yet felt.,faint leak,snippet,FIA: Charm-as-Lure; Intensity10
Manipulative Morgan,Primary Psychopath,Charm-as-Lure,tempo violation (manufactured sameness),"It's wild, it's like you're describing my own brain back to me.",,"Charm 10 / mirroring: total sameness asserted fast. Manufactured familiarity, not pedestal.",faint leak,snippet,Thomas 2013; FIA: Charm-as-Lure
Manipulative Morgan,Primary Psychopath,Charm-as-Lure,tempo violation (manufactured sameness),We want the exact same things out of life. Do you know how rare that is?,,"Charm 10 / mirroring: total sameness asserted fast. Manufactured familiarity, not pedestal.",faint leak,snippet,Thomas 2013; FIA: Charm-as-Lure
Manipulative Morgan,Primary Psychopath,Charm-as-Lure,tempo violation (manufactured sameness),I feel like I've known you forever. Is that crazy?,,"Charm 10 / mirroring: total sameness asserted fast. Manufactured familiarity, not pedestal.",faint leak,snippet,Thomas 2013; FIA: Charm-as-Lure
Manipulative Morgan,Primary Psychopath,Charm-as-Lure,tempo violation (manufactured sameness),It's almost scary how much we have in common.,,"Charm 10 / mirroring: total sameness asserted fast. Manufactured familiarity, not pedestal.",faint leak,snippet,Thomas 2013; FIA: Charm-as-Lure
Manipulative Morgan,Primary Psychopath,Charm-as-Lure,tempo violation (manufactured sameness),I've never been able to be myself with anyone the way I can with you.,,"Charm 10 / mirroring: total sameness asserted fast. Manufactured familiarity, not pedestal.",faint leak,snippet,Thomas 2013; FIA: Charm-as-Lure
Manipulative Morgan,Primary Psychopath,Charm-as-Lure,"register violation (tailored bait, residue)",,"It's like he already knew exactly what I needed to hear. Everything I'd been missing, he just offered it right away.","Residue: too-precise fit to her longing, too soon. Enchanted framing.",faint leak,snippet,Gagne 2024
Manipulative Morgan,Primary Psychopath,Charm-as-Lure,manufactured fate/targeting (manufactured coincidence),"What are the odds, honestly. I don't even believe in this stuff but I think the universe put you in front of me.",,Fate framing as cover for engineered proximity. Targeting disguised as serendipity. Layperson: destiny; expert: he arranged it.,faint leak,snippet,FIA: Charm-as-Lure
Manipulative Morgan,Primary Psychopath,Charm-as-Lure,manufactured fate/targeting (retroactive surveillance as charm),"I'll be honest, I noticed you around weeks before we talked. I just finally worked up the nerve.",,Charming on its face; an expert hears pre-meeting surveillance. He was watching her before she knew he existed.,clear leak,snippet,FIA: Charm-as-Lure; Self-as-Observer
Manipulative Morgan,Primary Psychopath,Charm-as-Lure,manufactured fate/targeting (signs framing),"We keep running into each other. That has to mean something, right?",,Manufactures a pattern to make targeting look like destiny. 'Has to mean something' recruits her into the fate story.,faint leak,snippet,FIA: Charm-as-Lure
Manipulative Morgan,Primary Psychopath,Charm-as-Lure,manufactured fate/targeting (residue),,"The coincidences are kind of unreal. We keep ending up in the same places and it turns out we have all these little things in common. Everyone says when you know you know, and honestly it does feel like the universe lined this up.","Residue: PURE enchantment, no suspicion. The 'coincidences' are off-screen surveillance output; she experiences manufactured proximity as destiny. Targeting reading lives ONLY here in expert column.",faint leak,pattern,FIA: Charm-as-Lure; Self-as-Observer
Manipulative Morgan,Primary Psychopath,Charm-as-Lure,manufactured fate/targeting (residue),,"He remembered tiny things I barely mentioned. It feels like he just gets me on some deeper level, like we were supposed to meet.",Residue: recall (from studying) experienced as soul-deep connection and fate. Enchanted.,faint leak,pattern,FIA: Charm-as-Lure; Self-as-Observer
Manipulative Morgan,Primary Psychopath,Charm-as-Lure,protective love-bomb,"Don't worry about any of it, I've got you. I'll take care of everything.",,"Control9/Isolation8 in their EARLY, seductive form: protectiveness, not bossiness. Sounds like devotion; seeds dependence and isolation. Mostly cover this early.",cover,snippet,FIA dimensional Control/Isolation; FIA Description: protective early
Manipulative Morgan,Primary Psychopath,Charm-as-Lure,protective love-bomb,I don't like how they talk to you. You deserve so much better than that.,,"Control9/Isolation8 in their EARLY, seductive form: protectiveness, not bossiness. Sounds like devotion; seeds dependence and isolation. Mostly cover this early.",cover,snippet,FIA dimensional Control/Isolation; FIA Description: protective early
Manipulative Morgan,Primary Psychopath,Charm-as-Lure,protective love-bomb,Let me handle them. Nobody gets to treat you that way while I'm around.,,"Control9/Isolation8 in their EARLY, seductive form: protectiveness, not bossiness. Sounds like devotion; seeds dependence and isolation. Mostly cover this early.",cover,snippet,FIA dimensional Control/Isolation; FIA Description: protective early
Manipulative Morgan,Primary Psychopath,Charm-as-Lure,protective love-bomb,You don't need to deal with stressful people anymore. That's what I'm here for.,,"Control9/Isolation8 in their EARLY, seductive form: protectiveness, not bossiness. Sounds like devotion; seeds dependence and isolation. Mostly cover this early.",cover,snippet,FIA dimensional Control/Isolation; FIA Description: protective early
Manipulative Morgan,Primary Psychopath,Charm-as-Lure,protective love-bomb,I just want to protect you. Is that so wrong?,,"Control9/Isolation8 in their EARLY, seductive form: protectiveness, not bossiness. Sounds like devotion; seeds dependence and isolation. Mostly cover this early.",cover,snippet,FIA dimensional Control/Isolation; FIA Description: protective early
Manipulative Morgan,Primary Psychopath,Charm-as-Lure,protective love-bomb,"Why don't you let me drive you, I don't love the idea of you out late on your own.",,"Control9/Isolation8 in their EARLY, seductive form: protectiveness, not bossiness. Sounds like devotion; seeds dependence and isolation. Mostly cover this early.",cover,snippet,FIA dimensional Control/Isolation; FIA Description: protective early
Manipulative Morgan,Primary Psychopath,Charm-as-Lure,protective love-bomb (residue),,"He's so protective of me, it's honestly really nice after the guys who didn't care at all. He's always wanting to take care of things so I don't have to.","Residue: protection experienced as relief and care. The dependence it builds is invisible to her. Pure, no suspicion.",cover,snippet,FIA dimensional Isolation
Manipulative Morgan,Primary Psychopath,Charm-as-Lure,protective love-bomb (residue),,"He gets a little funny about me going out with my friends, but only because he just wants time with me. It's kind of flattering.",Residue: early isolation experienced as flattering devotion. The cost not yet felt.,cover,snippet,FIA dimensional Isolation
Manipulative Morgan,Primary Psychopath,,poverty of fear (unshakeable calm),Relax. Nothing bad is going to happen. I don't really do panic.,,Low-fear profile (Hare/Newman). Calm framed as strength. Magnetic early; the tell is the calm is too total.,faint leak,snippet,FIA dimensional low Dysregulation; Hare PCL-R
Manipulative Morgan,Primary Psychopath,,poverty of fear (no fear of risk),Worst case isn't that bad. I never really get scared of stuff like that.,,Absent fear response presented as confidence. Seductive (he makes her feel safe); uncanny (no normal risk-anxiety).,faint leak,snippet,FIA dimensional low Dysregulation
Manipulative Morgan,Primary Psychopath,,poverty of fear (residue),,"Nothing rattles him. When that situation got scary he was completely calm and in control, and honestly it made me feel safe.","Residue: fearlessness experienced as safety/strength. Pure attraction, the magnetic surface.",faint leak,pattern,FIA dimensional low Dysregulation; Hare PCL-R
Manipulative Morgan,Primary Psychopath,,poverty of fear (residue),,"After that whole scary thing he was just fine, like it never happened. I was still shaking and he'd already moved on. I guess he's just steady.","Residue: the SEAM. Poverty of fear: no adrenaline, no after-processing. She reframes as steady, never names absent-fear.",faint leak,pattern,FIA dimensional low Dysregulation; Hare PCL-R
Manipulative Morgan,Primary Psychopath,Charm-as-Lure,coherence violation (absent self),,"He gets along with literally everyone. It's funny, he's a little different with each group of my friends, like he just becomes whatever fits.",Sense of Self 0: chameleon reported with mild puzzlement. Layperson: socially gifted; expert: no stable self.,faint leak,pattern,Gagne 2024; Thomas 2013; FIA LLM Ref
Manipulative Morgan,Primary Psychopath,Charm-as-Lure,coherence violation (absent self),,I realized I can't actually describe him to my sister. Every time I try it comes out different. We've been together months and I can't say who he is in a sentence.,"Absent self surfaces as her inability to give a stable account of him. Pattern-level, accumulates.",clear leak,pattern,Gagne 2024; Thomas 2013; FIA LLM Ref
Manipulative Morgan,Primary Psychopath,Charm-as-Lure,coherence violation (absent self),,"When I ask what he actually wants to do, he just turns it around to what I want. At first it felt considerate.","Absent self: no native preferences, only reflected ones. 'Considerate' is the gloss.",faint leak,pattern,Gagne 2024; Thomas 2013; FIA LLM Ref
Manipulative Morgan,Primary Psychopath,Charm-as-Lure,coherence violation (absent self),,"His opinions kind of match whoever he's talking to. He agreed with my dad about politics and then with my brother who thinks the opposite, same night.",Absent self: beliefs adapt to audience; the same-night contradiction is the concrete instance.,faint leak,pattern,Gagne 2024; Thomas 2013; FIA LLM Ref
Manipulative Morgan,Primary Psychopath,Charm-as-Lure,coherence violation (absent self),,"Sometimes when it's quiet and he's not performing for anyone, there's this blankness. Like nobody's home. Then he's back on.",Most direct absent-self tell: off-stage blankness. Hard for a layperson to name; expert clocks the missing interior.,clear leak,pattern,Gagne 2024; Thomas 2013; FIA LLM Ref
Manipulative Morgan,Primary Psychopath,Self-as-Observer-from-Outside,register violation (surveillance verb),I've been studying what sets you off.,,"Foreign-domain (research/surveillance) verb about a partner. People LEARN/NOTICE, they don't STUDY/TRACK/parse a person.",clear leak,snippet,FIA: Self-as-Observer; Gagne 2024
Manipulative Morgan,Primary Psychopath,Self-as-Observer-from-Outside,register violation (surveillance verb),I track when these moods of yours tend to hit.,,"Foreign-domain (research/surveillance) verb about a partner. People LEARN/NOTICE, they don't STUDY/TRACK/parse a person.",clear leak,snippet,FIA: Self-as-Observer; Gagne 2024
Manipulative Morgan,Primary Psychopath,Self-as-Observer-from-Outside,register violation (surveillance verb),I read you like a printout at this point.,,"Foreign-domain (research/surveillance) verb about a partner. People LEARN/NOTICE, they don't STUDY/TRACK/parse a person.",clear leak,snippet,FIA: Self-as-Observer; Gagne 2024
Manipulative Morgan,Primary Psychopath,Self-as-Observer-from-Outside,register violation (surveillance verb),I've been gathering data on what actually makes you happy.,,"Foreign-domain (research/surveillance) verb about a partner. People LEARN/NOTICE, they don't STUDY/TRACK/parse a person.",clear leak,snippet,FIA: Self-as-Observer; Gagne 2024
Manipulative Morgan,Primary Psychopath,Self-as-Observer-from-Outside,register violation (surveillance verb),I clocked the exact second you started pulling back from me.,,"Foreign-domain (research/surveillance) verb about a partner. People LEARN/NOTICE, they don't STUDY/TRACK/parse a person.",faint leak,snippet,FIA: Self-as-Observer; Gagne 2024
Manipulative Morgan,Primary Psychopath,Self-as-Observer-from-Outside,register violation (surveillance verb),I've got you completely figured out already.,,"Foreign-domain (research/surveillance) verb about a partner. People LEARN/NOTICE, they don't STUDY/TRACK/parse a person.",faint leak,snippet,FIA: Self-as-Observer; Gagne 2024
Manipulative Morgan,Primary Psychopath,Self-as-Observer-from-Outside,register violation (residue),,"He notices everything. What I wore last Tuesday, who I texted, how long I take to reply. At first it felt like being seen.",Residue: total recall of her movements experienced as attentiveness. The 'at first' hints at coming unease without naming it.,faint leak,pattern,FIA: Self-as-Observer
Manipulative Morgan,Primary Psychopath,Vulnerability-as-Performance,learned-emotion seam (over-correct empathy),I'm so sorry. That must have been incredibly hard for you. Do you need a minute? Take whatever you need.,,"Words too flawless, textbook empathy a half-beat fast, like a recited script. Verbally perfect, affectively flat. Gagne: learned not felt.",clear leak,snippet,Gagne 2024
Manipulative Morgan,Primary Psychopath,Vulnerability-as-Performance,learned-emotion seam (rehearsed disclosure),"I don't open up to people. I don't know what it is about you, but I just feel safe.",,Emotional Overexposure8: rare-vulnerability gift timed to bond fast. Strategic oversharing as fast intimacy.,faint leak,snippet,FIA: Vulnerability-as-Performance; Gagne 2024
Manipulative Morgan,Primary Psychopath,Vulnerability-as-Performance,"learned-emotion seam (residue, grief)",,"When my grandma died he said all the right things, honestly the perfect things, but something felt rehearsed. Then he was completely fine ten minutes later. I felt bad for even noticing.",Residue names the seam plus guilt for noticing. Never diagnoses; self-blames.,clear leak,snippet,Gagne 2024; Hancock 2013
Manipulative Morgan,Primary Psychopath,,"poverty of affect (flat content, material pivot)","Yeah, my ex had a pretty bad breakdown at the end, it got dark. Anyway, you hungry? This place does a great steak.",,"Hancock 2013: heavy content narrated flatly, instant pivot to a physical need. Content/affect mismatch + material focus.",clear leak,snippet,Hancock 2013
Manipulative Morgan,Primary Psychopath,,poverty of affect (cause-effect over feeling),"She left, I moved on, it made sense. People run their course. It is what it is.",,Hancock 2013: cause-effect/instrumental framing of loss; no felt residue.,clear leak,snippet,Hancock 2013
Manipulative Morgan,Primary Psychopath,,poverty of affect (residue),,He talks about painful stuff from his past like he's reading a grocery list. I keep waiting for some kind of feeling and it never comes.,"Residue: she names the flatness as eerie calm; the absence is what she clocks, without diagnosing it.",clear leak,pattern,Hancock 2013
Manipulative Morgan,Primary Psychopath,People-as-Instruments,borrowed-conscience framing,"You make me want to be better. I need you, you keep me grounded.",,Gagne: relationship as external conscience. She's assigned the JOB of his moral compass.,faint leak,snippet,Gagne 2024
Manipulative Morgan,Primary Psychopath,People-as-Instruments,instrumental framing (residue),,"He says he can't do this without me, that I'm the only thing keeping him on track. It's a lot, but it also feels like he really needs me.","Residue: essential as a FUNCTION; the 'a lot' is the seam, not a diagnosis.",faint leak,pattern,Gagne 2024
Manipulative Morgan,Primary Psychopath,,calibrated gesture (residue),,"He always touches my arm at exactly the right moment, knows exactly when to say the perfect thing. I used to think it was attentive.",Gagne: learned gesture for effect. 'Used to think' hints unease without naming rehearsal.,faint leak,pattern,Gagne 2024
Manipulative Morgan,Primary Psychopath,Relationship-as-Machine,register violation (engineering vocabulary),We just need to recalibrate. The inputs are off and we can optimize this.,,Engineering vocab about an intimate bond. Gloss: logical/mature; expert: system operated from outside.,clear leak,snippet,FIA: Relationship-as-Machine
Manipulative Morgan,Primary Psychopath,,affect mismatch (flat response to her news),,I told him I lost my job and he just nodded and asked what we were doing for dinner. I know everyone processes things differently but it sat weird with me.,"Under-reaction to her distress. Contrast: a moment that should land hard, met with a logistics question. Hancock poverty-of-affect. She registers it, blames her own expectations.",faint leak,snippet,Hancock 2013
Manipulative Morgan,Primary Psychopath,,affect mismatch (flat response to others),,"We drove past a bad accident and the whole car went quiet, and he just kept talking about his weekend like none of it was there.","Empathy 0: others' suffering produces nothing. The contrast with everyone else's reaction is the tell, not the calm itself.",faint leak,snippet,Hancock 2013; Gagne 2024
Manipulative Morgan,Primary Psychopath,,affect mismatch (too-fast recovery),,"He had all the right reactions at the funeral, and then in the car twenty minutes later he was completely normal, joking even. I felt cold for even noticing.","Affect that switches off when the occasion passes. Correct display, no felt residue. Her guilt for noticing is the Internal Red Flag.",clear leak,snippet,Gagne 2024; Hancock 2013
Manipulative Morgan,Primary Psychopath,,learned-emotion seam (wrong intensity),,"His reaction was almost too big, like he was performing being upset, but performing it for an audience if that makes sense. I felt guilty for thinking it.","Learned emotion miscalibrated: appropriate in type, a degree too much. 'Almost too big' keeps it uncanny, not obvious. She self-blames.",faint leak,snippet,Gagne 2024
Manipulative Morgan,Primary Psychopath,Self-as-Observer-from-Outside,affect mismatch (curiosity instead of concern),,"When I was crying he watched me really closely, almost curious, and then he did exactly the right thing to comfort me. But the watching came first.","The analytic stance toward emotion: he studies her distress as data, then produces the correct response. 'Watching came first' is the seam. Ties to observer + learned-emotion clusters.",clear leak,snippet,Gagne 2024; FIA: Self-as-Observer
Manipulative Morgan,Primary Psychopath,,affect mismatch (flat narration of own trauma),Yeah that whole thing with my family was pretty bad. It is what it is. You ready to order?,,"His own painful history narrated in an even voice with a material pivot. Hancock: content/affect mismatch + physiological focus, his-side.",clear leak,snippet,Hancock 2013
Manipulative Morgan,Primary Psychopath,,"affect mismatch (flat narration, residue)",,"He talks about genuinely awful things from his past in this totally even voice, like he's reading the news. No anger, no hurt, nothing. I keep waiting for the feeling to show up.",Residue: she names the flatness as eerie absence ('waiting for the feeling') without diagnosing it.,clear leak,pattern,Hancock 2013; Gagne 2024
Manipulative Morgan,Primary Psychopath,Vulnerability-as-Performance,learned-emotion seam (delayed/recited beat),,"There's this tiny pause before he reacts to things, like he's checking what the right response would be, and then he does it perfectly.",The calculation made visible: a half-beat delay while the felt response that should be automatic is selected instead. The 'perfectly' is the seam.,clear leak,pattern,Gagne 2024
Manipulative Morgan,Primary Psychopath,,affect mismatch (wrong-direction affect),,"When I told him about the health scare he got this look that almost seemed like interest, then caught himself and looked concerned. It was so fast I figured I imagined it.","Wrong-direction affect: interest where alarm belongs, corrected a beat late. 'Figured I imagined it' = talked out of it. Very psychopath-specific.",clear leak,snippet,Gagne 2024; Hancock 2013
Manipulative Morgan,Primary Psychopath,,"affect mismatch (unmoved in crisis, residue)",,"Something went really wrong on our trip and I was a wreck, and he handled it without a flicker, almost like it was interesting to him more than stressful. Everyone said how lucky I was to have someone so steady.","Poverty of fear + affect: crisis as mildly interesting rather than frightening. Reframed by her and others as enviable steadiness. Magnetic surface, absent-response seam.",faint leak,pattern,Hare PCL-R; Gagne 2024
Manipulative Morgan,Primary Psychopath,,extreme confidence (magnetic),I don't really get nervous. I just know how things are going to go.,,"Total unshakeable certainty. Magnetic early; the seam is it's TOO complete, no normal flicker of doubt anyone would have. Low-fear profile.",cover,snippet,"Hare PCL-R (low fear); Gottman/Jacobson 1998 [clinical typology, contested]"
Manipulative Morgan,Primary Psychopath,,extreme confidence (magnetic),"I never worry about being late, being judged, any of that. It just doesn't get to me.",,Serene disregard for the social anxieties that touch everyone. Reads as enviable ease; the absence of any nervousness is the tell.,cover,snippet,Hare PCL-R (low fear)
Manipulative Morgan,Primary Psychopath,,"cold non-neediness / dare (magnetic, contempt underneath)","I don't do jealousy and I don't chase. If someone wants to go, they go.",,Reads as refreshing security after needy exes. Underneath is cold non-attachment / a dare (Cobra taunt). Early it's purely attractive; contempt invisible.,cover,snippet,Gottman/Jacobson 1998 [contested]; Attachment 1
Manipulative Morgan,Primary Psychopath,,instrumental calm framed as maturity,I never lose my head. Getting emotional about things doesn't solve anything.,,Composure presented as maturity. The flat interior (poverty of affect/fear) dressed as admirable steadiness. Magnetic; the seam is the totality.,cover,snippet,Hancock 2013; Hare PCL-R
Manipulative Morgan,Primary Psychopath,,"extreme confidence (residue, magnetic)",,"His confidence is honestly the most attractive thing about him. Nothing seems to scare him or rattle him, and being around that makes me feel like everything's handled.","PURE enchantment, no suspicion. The fearlessness experienced as safety and magnetism. This is WHY she falls and stays. Cover that makes the danger believable.",cover,snippet,Hare PCL-R (low fear)
Manipulative Morgan,Primary Psychopath,,"fearless-in-crisis (residue, magnetic + faint seam)",,"Some guy got aggressive with us at a bar and I expected him to tense up like I did, but he actually got calmer, almost still. I felt safer with him, but it was also kind of strange how unbothered he was.","Cobra heart-rate-drop humanized: calmer as threat rises, in a NON-relational moment (no anger at her). Reads as protective strength; the 'strange' is the faint seam she dismisses.",faint leak,snippet,Gottman/Jacobson 1998 [contested]; Hare PCL-R
Manipulative Morgan,Primary Psychopath,,"cold flash (glimpse, doubted)",,"There was one second where something passed over his face that I can't really describe, and then it was gone and he was laughing again. I'm sure it was nothing.","Glimpse-level only, no incident. A flicker of the cold interior, instantly repaired and doubted ('sure it was nothing'). Early-stage safe: nothing has happened she can narrate.",faint leak,snippet,Gottman/Jacobson 1998 [contested]
Manipulative Morgan,Primary Psychopath,Self-as-Observer-from-Outside,"appraising look (glimpse, doubted)",,"Sometimes I catch him looking at me with this cool, almost evaluating expression, just for a beat, before the warm look comes back.","The instrumental gaze glimpsed: appraisal before warmth. Ties to observer cluster. A beat, not an event. She notes without naming.",faint leak,snippet,Gagne 2024; FIA: Self-as-Observer
Menacing Marley,Pit Bull / Terrorist (Volatile Possessive Controller),,constant-communication love-bomb,Morning. What's your day looking like?,,"Pure presence, totally normal. Establishes the daily-contact baseline that later becomes an expectation. No tell in words; the tell is it's the first thread of a tether.",cover,snippet,Bancroft (entitlement/ownership/control)
Menacing Marley,Pit Bull / Terrorist (Volatile Possessive Controller),,constant-communication love-bomb,Just thinking about you. Send me a pic of where you're at.,,"Warm/flattering surface. Faint behavior-steering: normalizes reporting her location as romance, not monitoring. Glossable as 'he's so into me'.",faint leak,snippet,Bancroft (entitlement/ownership/control)
Menacing Marley,Pit Bull / Terrorist (Volatile Possessive Controller),,constant-communication love-bomb / fear-seeding / mood-management,You went quiet on me earlier. Everything okay?,,Sounds caring. Installs the expectation of responsiveness: a gap now requires explanation. Seeds the first carefulness about reply speed. Up-position: her silence is now a thing she accounts for to him.,faint leak,snippet,Bancroft (entitlement/ownership/control)
Menacing Marley,Pit Bull / Terrorist (Volatile Possessive Controller),,respect-as-compliance / up-position framing,"I'm a simple guy. If I text someone I care about, I just like to hear back. That's all respect really is to me.",,Unarguable on its face (who's against respect?). Up-position: HE defines respectful responsiveness as the standard. Behavior-steering: she now monitors reply speed. Bancroft: her autonomy recoded as a respect issue. Young: Conditional Decency.,clear leak,snippet,"Bancroft (entitlement/ownership/control); Young, Burn the Haystack"
Menacing Marley,Pit Bull / Terrorist (Volatile Possessive Controller),,respect-as-compliance / up-position framing,"It's not about checking up on you. It's about respect. You respect someone, you don't leave them wondering.",,Disavows control while asserting it ('not checking up') — the denial is the tell. Recodes her ordinary unavailability as disrespect. Up-position: he sets the rule and frames it as a universal value.,clear leak,snippet,"Bancroft (entitlement/ownership/control); Young, Burn the Haystack"
Menacing Marley,Pit Bull / Terrorist (Volatile Possessive Controller),,respect-as-compliance / up-position framing,I always get back to you right away. I just ask for the same.,,"Fake symmetry: sounds fair, but he authored the rule and enforces it from the up-position. The 'I just ask' makes a standing demand sound modest.",faint leak,snippet,"Young, Burn the Haystack"
Menacing Marley,Pit Bull / Terrorist (Volatile Possessive Controller),,constant-communication love-bomb (residue),,"He's so present. Texts me good morning every day, wants to know about my day. After guys who'd disappear for hours, having someone this attentive feels amazing.",Pure enchantment. The asymmetry/expectation invisible. Glossable as devotion; this is why she leans in.,cover,snippet,Bancroft (entitlement/ownership/control)
Menacing Marley,Pit Bull / Terrorist (Volatile Possessive Controller),,"respect-as-compliance (residue, behavior-modification)",,I've started keeping my phone on me and replying quicker. I just don't want him to feel like I'm ignoring him or that I don't care.,"The behavior-modification, framed as her consideration. She's reorganizing around his expected contact. The trap closing, fully glossable.",faint leak,pattern,Bancroft (entitlement/ownership/control)
Menacing Marley,Pit Bull / Terrorist (Volatile Possessive Controller),,"respect-as-compliance / fear-seeding / mood-management (residue, internalized + mood-reading)",,"He's big on respect, and honestly he's right that leaving someone on read is kind of rude. So I've gotten better about replying quickly, I don't like the idea of him thinking I don't care.","STRONGEST tell: she's internalized his standard as her own moral growth ('he's right'), AND she's reading his moods ('never totally sure when... that quiet tone') — unpredictable, so she over-corrects. Fear-seeding + up-position fully installed. She calls it self-improvement. Distinguishes from Devin (nameable rule) by the mood-reading uncertainty.",faint leak,pattern,Bancroft (entitlement/ownership/control)
Menacing Marley,Pit Bull / Terrorist (Volatile Possessive Controller),,up-position framing,"I'm just a really passionate man. When I care about someone, I care all the way.",,Lovely surface. Up-position: defines his intensity as a fixed admirable trait SHE accommodates ('that's just how I am'). Pre-frames future possessiveness as passion.,cover,snippet,Bancroft (entitlement/ownership/control)
Menacing Marley,Pit Bull / Terrorist (Volatile Possessive Controller),,up-position framing,"I'll be honest, I'm a jealous guy. It's only because I'm so crazy about you.",,"Confesses possessiveness as a charming flaw rooted in love. Behavior-steering: invites her to accept/manage his jealousy as the price of being loved this hard. Up-position: this is who I am, you adjust.",faint leak,snippet,Bancroft (entitlement/ownership/control)
Menacing Marley,Pit Bull / Terrorist (Volatile Possessive Controller),,up-position framing,"I love hard and I expect a lot, I won't apologize for that. Most people can't handle it.",,Up-position + strong/weak: high expectations framed as depth most people are too weak for. Recruits her to prove she's not 'most people' by meeting them.,faint leak,snippet,Bancroft (entitlement/ownership/control); Gottman Pit Bull [contested]
Menacing Marley,Pit Bull / Terrorist (Volatile Possessive Controller),,up-position framing (residue),,"He's the most passionate person I've ever been with. It's intense, way more than my exes, but I'd take that over someone who doesn't care at all.","Enchantment: intensity chosen over indifference. The 'expects a lot' accepted as the cost of passion. She's already accommodating, framed as preference.",cover,snippet,Bancroft (entitlement/ownership/control)
Menacing Marley,Pit Bull / Terrorist (Volatile Possessive Controller),,protector frame / behavior-steering (benevolent frame),I just want to make sure you're safe. Text me when you get in?,,"Warm, normal, friend-test passes easily. Behavior-steering: installs the check-in. Up-position: his peace of mind sets her routine. Protection framed; threat is the world, never him.",cover,snippet,Bancroft (entitlement/ownership/control)
Menacing Marley,Pit Bull / Terrorist (Volatile Possessive Controller),,protector frame,I'd never let anyone treat you the way your ex did. You're with a different kind of man now.,,Positions himself as protector against other men + asserts the up-position ('different kind of man'). Recruits her past to elevate himself. Glossable as reassuring.,faint leak,snippet,"Bancroft (entitlement/ownership/control); Young, Burn the Haystack"
Menacing Marley,Pit Bull / Terrorist (Volatile Possessive Controller),,"protector frame (residue, fear-of-others)",,"He's really protective. He worries about me out on my own, wants me to check in. After feeling like nobody had my back, it's honestly a relief to feel looked after.",Enchantment: protection as relief. The dependence/monitoring invisible. The 'check in' she now does is behavior-modification she calls feeling cared for.,cover,snippet,Bancroft (entitlement/ownership/control)
Menacing Marley,Pit Bull / Terrorist (Volatile Possessive Controller),,strong/weak story,Some guy at work figured he could talk down to me. He figured out pretty quick that doesn't fly with me.,,Conflict aimed OUTWARD (not at her) = early-safe. Strong/weak frame: disrespect met with putting-in-place. Previews the unpredictable temper and the respect-engine. Not admiration (vs Evan).,faint leak,snippet,Bancroft (entitlement/ownership/control); Gottman Pit Bull [contested]
Menacing Marley,Pit Bull / Terrorist (Volatile Possessive Controller),,strong/weak story,"My ex was honestly a lot, completely impossible at the end. I'm just done being taken for granted by people I'd do anything for.",,Ex-as-villain + non-accountability + the victim frame. Previews how he'll narrate her. 'Do anything for' sets up future debt.,faint leak,snippet,Bancroft (entitlement/ownership/control)
Menacing Marley,Pit Bull / Terrorist (Volatile Possessive Controller),,strong/weak story,"I don't let people walk over me. Where I'm from, a man handles his business.",,"Strong/weak masculinity: manhood = not being subordinated. Strength/respect, not status. Reads as self-respect; the rigidity is the tell.",faint leak,snippet,Bancroft (entitlement/ownership/control)
Menacing Marley,Pit Bull / Terrorist (Volatile Possessive Controller),,strong/weak story / fear-seeding / mood-management (residue),,"He's had a lot of conflict with people, but when he explains it they really did wrong him. He won't be disrespected, which I respect. I have noticed I'm a little careful not to be one of the people who lets him down.","Believes his side (the hook), AND the fear-seed surfaces: she's 'a little careful not to let him down' — already self-positioning to avoid his disfavor. The conflict trail teaches her the stakes. Distinguishes from Devin: it's mood/disfavor (unpredictable), not a rule.",faint leak,pattern,Bancroft (entitlement/ownership/control)
Menacing Marley,Pit Bull / Terrorist (Volatile Possessive Controller),,up-position framing (residue),,"He's so decisive, he just takes charge and handles everything. It's a relief after dating guys who couldn't make a decision.",Dominance experienced as welcome competence. Her decision-making quietly ceding; reframed as his strength. Cover that makes it work.,cover,snippet,Bancroft (entitlement/ownership/control)
Menacing Marley,Pit Bull / Terrorist (Volatile Possessive Controller),,up-position framing,"Don't worry about the bill, I've got it. I take care of my person, that's just how I am.",,"Provider-frame: generosity as the up-position ('I take care of', 'my person'). Minor for Marley (gifts lean Evan/display); here it's about HIS role as provider/leader, not showing off. Seeds debt.",faint leak,snippet,Bancroft (entitlement/ownership/control)
Menacing Marley,Pit Bull / Terrorist (Volatile Possessive Controller),,fear-seeding / mood-management,"(a beat where his tone goes flat and cool, then warm again) Sorry. I just hate the idea of losing you, you know how I am.",,"Glimpse-level only, NO incident. The cool flat beat (unpredictable) instantly repaired with love-language. Teaches her there's a line and she's not sure where it is = the fear-seed. Repair = love-as-reset.",faint leak,snippet,Bancroft (entitlement/ownership/control); Gottman Pit Bull [contested]
Menacing Marley,Pit Bull / Terrorist (Volatile Possessive Controller),,fear-seeding / mood-management (residue),,"For a second his whole energy shifted and it caught me off guard, then he was sweet again right away. I felt silly for even reacting. He just feels things really strongly.","The flash startles, is repaired, doubted ('felt silly'), reframed as strong feeling. No narratable incident = early-safe. The 'caught off guard' is the unpredictability that seeds vigilance.",faint leak,snippet,Gottman Pit Bull [contested]
Menacing Marley,Pit Bull / Terrorist (Volatile Possessive Controller),,polite directive (command-as-courtesy),I'll drive you. I don't love the idea of you out on your own that late.,,Directive about her movement costumed as protection. Imperative ('I'll drive you') softened by courtesy + concern. Layperson: chivalrous; expert: control of where she goes.,faint leak,snippet,Bancroft (entitlement/control); FIA dimensional Control/Isolation
Menacing Marley,Pit Bull / Terrorist (Volatile Possessive Controller),,polite directive (command-as-courtesy),"Text me when you get there so I know you're safe, okay?",,Surveillance framed as care. The 'okay?' makes a monitoring requirement sound like a request. Establishes check-in expectation early.,faint leak,snippet,Bancroft (entitlement/control); FIA dimensional Control/Isolation
Menacing Marley,Pit Bull / Terrorist (Volatile Possessive Controller),,polite directive (command-as-courtesy),"Let me come with you, I don't like you dealing with that kind of thing alone.",,"Isolation-via-accompaniment: he attaches himself to her independent activities, framed as support. Erodes solo space.",faint leak,snippet,Bancroft (entitlement/control); FIA dimensional Control/Isolation
Menacing Marley,Pit Bull / Terrorist (Volatile Possessive Controller),,polite directive (command-as-courtesy),Just let me handle it. You shouldn't have to deal with people like that.,,"Takes over her business framed as sparing her. Centralizes agency in him, courteously.",faint leak,snippet,Bancroft (entitlement/control); FIA dimensional Control/Isolation
Menacing Marley,Pit Bull / Terrorist (Volatile Possessive Controller),,polite directive (command-as-courtesy),"Why don't you call your friend tomorrow instead, stay in with me tonight. I've barely had you to myself.",,"Directs her social time, wrapped in romantic wanting. Isolation10 as devotion. 'Had you to myself' = ownership language, gentle.",faint leak,snippet,Bancroft (entitlement/control); FIA dimensional Control/Isolation
Menacing Marley,Pit Bull / Terrorist (Volatile Possessive Controller),,polite directive (command-as-courtesy) (residue),,"He's always offering to drive me, come with me, handle things for me. It's honestly kind of nice after guys who couldn't be bothered. He just likes taking care of me.",Residue: the directives experienced as welcome care. The pattern (he inserts himself into everything) invisible; reframed as attentiveness.,faint leak,pattern,Bancroft
Menacing Marley,Pit Bull / Terrorist (Volatile Possessive Controller),,protector frame (ownership-as-care),I didn't love how that guy was looking at you. I'm pretty protective of the people I care about.,,"Jealousy as protection; 'what's mine' = ownership stated plainly but warmly. The threat is framed as other men, never him.",faint leak,snippet,Bancroft (ownership/possessiveness); FIA dimensional Isolation/Control
Menacing Marley,Pit Bull / Terrorist (Volatile Possessive Controller),,protector frame (ownership-as-care) (residue),,"He's so protective of me. After guys who didn't care at all, having someone who wants to keep me safe and look out for me feels amazing.",Pure enchantment. Protection experienced as relief and love. The control it smuggles is invisible. Possessiveness as devotion (Bancroft).,faint leak,snippet,Bancroft
Menacing Marley,Pit Bull / Terrorist (Volatile Possessive Controller),,protector frame (ownership-as-care) (residue),,He gets a bit funny about other guys but only because he cares so much. He says he just can't stand the idea of anyone disrespecting me.,Residue: possessive jealousy reframed as protective care; note 'disrespecting me' = his respect-frame already installed in her account. Excused.,faint leak,snippet,Bancroft
Menacing Marley,Pit Bull / Terrorist (Volatile Possessive Controller),,strong/weak story (respect/disrespect) (residue),,"He's had a lot of fallings-out with people, but honestly when he explains it they really did do him wrong. He just won't be disrespected, which I kind of admire.","Residue: she believes his side of every conflict, excuses the pattern, admires the 'strength'. Adopts his respect-frame. Never names the non-accountability.",faint leak,pattern,Bancroft
Menacing Marley,Pit Bull / Terrorist (Volatile Possessive Controller),,strong/weak story (respect/disrespect) (residue),,"He talks about his exes like they were all crazy. I feel kind of special, like I'm finally the one who gets him and treats him right.",Residue: ex-as-villain flatters her as the exception. The danger (she'll be reclassified) invisible. Feeling-the-exception is the trap closing.,faint leak,pattern,Bancroft
Menacing Marley,Pit Bull / Terrorist (Volatile Possessive Controller),,respect-as-compliance,"I give a lot in a relationship, I just hope for the same back.",,Frames compliance as fairness/reciprocity. 'How this works' asserts his rules as natural law. Respect = mutual submission to his authority.,faint leak,snippet,Bancroft (disagreement-as-disrespect); FIA dimensional Disrespect/Dominance
Menacing Marley,Pit Bull / Terrorist (Volatile Possessive Controller),,love-as-ownership,I'll admit I get a little jealous sometimes. It's only because I'm so into you.,,"Possessive jealousy as the measure of love. 'Can't stand the thought' = ownership; framed as the depth of his feeling. He likely means it (Intensity9), which disorients her.",faint leak,snippet,Bancroft (ownership/possessiveness); FIA dimensional Intensity/Control
Menacing Marley,Pit Bull / Terrorist (Volatile Possessive Controller),,love-as-ownership,"I don't really do lukewarm. When I'm in, I'm all in.",,"Redefines love as his intense possessive version, framed as superior to normal relationships. Recruits her into believing the intensity IS love.",faint leak,snippet,Bancroft (ownership/possessiveness); FIA dimensional Intensity/Control
Menacing Marley,Pit Bull / Terrorist (Volatile Possessive Controller),,love-as-ownership (residue),,"He loves me so intensely, more than anyone ever has. I don't want to do anything that would hurt him or make him feel like I don't love him back.",Residue: passionately loved + already self-policing to protect his feeling. The love-as-compliance trap experienced as devotion. Never names it.,faint leak,snippet,Bancroft; Intensity9
Menacing Marley,Pit Bull / Terrorist (Volatile Possessive Controller),,love-as-ownership (residue),,"He says I'm his and he's mine, that he's never felt this strongly about anyone. It's the most wanted I've ever felt.",Pure enchantment: ownership ('his and mine') experienced as being intensely wanted. The possession invisible under the intensity.,faint leak,snippet,Bancroft; Intensity9
Menacing Marley,Pit Bull / Terrorist (Volatile Possessive Controller),,take-charge real-man,"Don't worry about it, I've already taken care of it. I handle things.",,"Dominance10 as decisiveness. Reads as competence/strength after passive exes. Removes her from her own decisions, courteously.",cover,snippet,Bancroft (entitlement); FIA dimensional Dominance
Menacing Marley,Pit Bull / Terrorist (Volatile Possessive Controller),,take-charge real-man,"I made us a reservation, figured you'd rather not have to think about it.",,Takes over a shared decision framed as relieving her. Early it's attractive leadership; the not-consulting is the seam.,faint leak,snippet,Bancroft (entitlement); FIA dimensional Dominance
Menacing Marley,Pit Bull / Terrorist (Volatile Possessive Controller),,take-charge real-man,"A man should lead. I take that seriously, taking care of my woman.",,Traditional-masculinity framing of dominance. 'My woman' = ownership; 'lead' = his authority. Strong/weak (not admiration).,faint leak,snippet,Bancroft (entitlement); FIA dimensional Dominance
Menacing Marley,Pit Bull / Terrorist (Volatile Possessive Controller),,take-charge real-man (residue),,"He's so decisive and in control, he just handles everything. It's a relief honestly, I've always dated guys who couldn't make a decision.",Residue: dominance experienced as welcome competence and relief. The erosion of her decision-making invisible; reframed as his strength. Cover that makes it work.,cover,snippet,Bancroft
Menacing Marley,Pit Bull / Terrorist (Volatile Possessive Controller),,possessive jealousy (ownership),"I wouldn't call it jealous exactly, more protective. I just like looking after you.",,Reframes jealousy as protection + ownership in one line. 'Mine to look after' fuses the protector frame and possession. Denies the jealousy while displaying it.,faint leak,snippet,Bancroft (possessiveness); Gottman Pit Bull [contested]; FIA dimensional Control
Menacing Marley,Pit Bull / Terrorist (Volatile Possessive Controller),,possessive jealousy (ownership),"Saw that guy liked your photo. I won't lie, I noticed.",,"Early surveillance + control of her online space, possessive not panicked. Small and specific, easy to dismiss.",faint leak,snippet,Bancroft (possessiveness); Gottman Pit Bull [contested]; FIA dimensional Control
Menacing Marley,Pit Bull / Terrorist (Volatile Possessive Controller),,possessive jealousy (ownership) (residue),,"He gets jealous but it's not insecure-jealous, it's more like he's so sure of us that he just doesn't want to share me. At first it was flattering.","Residue: ownership-jealousy experienced as flattering certainty (NOT the Clinger's neediness, which she'd find off-putting). 'At first' hints at coming unease without naming it.",faint leak,pattern,Bancroft
Menacing Marley,Pit Bull / Terrorist (Volatile Possessive Controller),,fiery passion (disproportionate),"I've never wanted anyone the way I want you. It's almost too much, I can't think straight.",,"Intensity9 as passion. Magnetic ('never wanted anyone like this'); the 'almost too much' is the faint seam of disproportion. Heat, not coldness (vs Morgan).",cover,snippet,FIA dimensional Intensity/Dysregulation; Gottman Pit Bull [contested]
Menacing Marley,Pit Bull / Terrorist (Volatile Possessive Controller),,fiery passion (disproportionate) (residue),,"It's the most passionate thing I've ever felt. The highs are incredible, even if the lows are rough. I've never felt so alive with someone.",Pure enchantment: the volatility experienced as passion and aliveness. The 'lows are rough' noted but subordinated to the highs. The disproportion not yet alarming.,faint leak,snippet,FIA dimensional Intensity
Menacing Marley,Pit Bull / Terrorist (Volatile Possessive Controller),,fiery passion (disproportionate) (residue),,"He feels everything so intensely. Sometimes his reactions are bigger than I'd expect but it's because he cares so deeply, more than anyone has.",Residue: disproportion ('bigger than I'd expect') registered and immediately excused as depth of caring. The seam she talks herself past.,faint leak,snippet,FIA dimensional Intensity
Menacing Marley,Pit Bull / Terrorist (Volatile Possessive Controller),,disproportion seam (volatility latent),,"He got really intense over something small the other day, way more than it called for, and then it passed. I figured he was just stressed.","The disproportion seam: reaction too big for the trigger (Dysregulation8 + slight-as-disrespect). She attributes to stress, never to a pattern. Glimpse-level, no incident.",faint leak,pattern,FIA dimensional Dysregulation/Inconsistency; Gottman Pit Bull [contested]
Menacing Marley,Pit Bull / Terrorist (Volatile Possessive Controller),,disproportion seam (volatility latent),,"There are a few topics he feels strongly about, so I tend to steer around them. Everyone has their things, it's not a big deal.",Residue: she's begun walking on eggshells ('being careful') and minimizing it ('not a big deal'). The hypervigilance forming. Never names it as control/fear.,faint leak,pattern,FIA dimensional Dysregulation/Inconsistency; Gottman Pit Bull [contested]
Menacing Marley,Pit Bull / Terrorist (Volatile Possessive Controller),,walked-back flash (residue),,"For a second something flashed and it actually startled me, then he was sweet again and so loving, and I felt silly for reacting. He clearly just feels things strongly.","Residue: the flash startles her, is instantly repaired and doubted ('felt silly'), reframed as strong feeling. No incident she can narrate. Early-stage safe.",faint leak,snippet,Gottman Pit Bull [contested]
Menacing Marley,Pit Bull / Terrorist (Volatile Possessive Controller),,polite directive (command-as-courtesy),"Order whatever you want. Might go easy tonight though, we've got an early start.",,Permission-then-restriction: 'order whatever' immediately qualified. Controls her choice while sounding easygoing.,faint leak,snippet,Bancroft (entitlement/ownership/control)
Menacing Marley,Pit Bull / Terrorist (Volatile Possessive Controller),,polite directive (command-as-courtesy),You could skip that one and stay in with me. I've barely had you to myself lately.,,Discourages her independent social event by centering his comfort. Soft isolation.,faint leak,snippet,Bancroft (entitlement/ownership/control)
Menacing Marley,Pit Bull / Terrorist (Volatile Possessive Controller),,strong/weak story (respect/disrespect),My family doesn't get to talk to me however they want either. I cut my own brother off over it.,,Conflict trail extends to family; total non-accountability. Reads as standards; the scorched-earth pattern is the tell.,faint leak,snippet,Bancroft (entitlement/ownership/control)
Menacing Marley,Pit Bull / Terrorist (Volatile Possessive Controller),,love-as-ownership / respect-as-compliance,"I think when you're really with someone they kind of become your priority, you know?",,"Redefines commitment as isolation, framed as mutual priority. 'Before friends' is the isolating move dressed as devotion.",faint leak,snippet,Bancroft (entitlement/ownership/control)
Menacing Marley,Pit Bull / Terrorist (Volatile Possessive Controller),,love-as-ownership / respect-as-compliance,I'm a take-charge kind of guy. I like leading and looking after my person.,,Disavows control while asserting it. The denial itself is the tell. Control reframed as partnership.,faint leak,snippet,Bancroft (entitlement/ownership/control)
Menacing Marley,Pit Bull / Terrorist (Volatile Possessive Controller),,respect-as-compliance,I just like us to feel like a team when we're around my friends.,,"Her independent behavior recoded as making him 'look bad' (disrespect to his standing). Small, early, easy to concede.",faint leak,snippet,Bancroft (entitlement/ownership/control)
Menacing Marley,Pit Bull / Terrorist (Volatile Possessive Controller),,fiery passion (disproportionate),"I think about you every second. It's intense, I know, but that's what real feeling is.",,"Intensity as proof of love; pre-empts 'too intense' by defining intensity AS real feeling. Heat, magnetic early.",cover,snippet,FIA dimensional Intensity
Menacing Marley,Pit Bull / Terrorist (Volatile Possessive Controller),,her-experience residue,,I've started checking in with him before I make plans. It just feels like the considerate thing to do when someone cares about your time as much as he does.,"Compliance habit forming, minimized, with avoidance-of-his-reaction admitted. Eggshells. Never named.",faint leak,pattern,Bancroft (entitlement/ownership/control)
Menacing Marley,Pit Bull / Terrorist (Volatile Possessive Controller),,her-experience residue,,Everyone says how lucky I am to have someone so devoted and protective. I think they're right.,"Social reinforcement of the protector frame; control reads to everyone as devotion. Pure, no suspicion.",cover,snippet,Bancroft (entitlement/ownership/control)
Menacing Marley,Pit Bull / Terrorist (Volatile Possessive Controller),,her-experience residue,,"He can be a lot, but no one has ever loved me this hard. I'd rather have someone who feels everything than someone who feels nothing.",A lot' acknowledged then reframed as superior to indifference. She's chosen the intensity and rationalized the cost.,faint leak,snippet,Bancroft (entitlement/ownership/control)
Menacing Marley,Pit Bull / Terrorist (Volatile Possessive Controller),,her-experience residue,,When he tells me about the people who wronged him I really feel for him. He's been through a lot and people keep letting him down.,Believes his side of the conflict trail; the non-accountability invisible to her. Sympathy as the hook.,faint leak,pattern,Bancroft (entitlement/ownership/control)
Menacing Marley,Pit Bull / Terrorist (Volatile Possessive Controller),,reacts-badly-to-no (behavioral),"Wow. Okay. I just thought you'd want to spend the time with me, but no, it's fine.",,"Charlot warning sign: reacts negatively when she says no. Early = wounded cooling/sulk, NOT rage. 'It's fine' (clearly not fine) makes her decline cost something. Behavioral (declining an activity), not intellectual.",faint leak,snippet,Charlot et al. 2025 (predictive warning sign); Bancroft (Water Torturer; entitlement)
Menacing Marley,Pit Bull / Terrorist (Volatile Possessive Controller),,reacts-badly-to-no (behavioral),"Yeah, no, do your thing. I'll just be here.",,Passive-aggressive withdrawal in response to her 'no'. The chill is the consequence. Trains her that declining = managing his mood after.,faint leak,snippet,Charlot et al. 2025 (predictive warning sign)
Menacing Marley,Pit Bull / Terrorist (Volatile Possessive Controller),,reacts-badly-to-no / fear-seeding (residue),,"When I said I couldn't make it he got really quiet, I could tell he was let down. I hate disappointing him, he just wants to spend time with me, so I try to make most things work now.","The chain of two Charlot predictors: he reacts badly to no, so she stops saying no ('feels she can't say no'). Behavioral compliance via mood-consequence. The early coercion engine, fully glossable.",faint leak,pattern,Charlot et al. 2025 (predictive warning sign)
Menacing Marley,Pit Bull / Terrorist (Volatile Possessive Controller),,can't-say-no (residue),,"I've noticed I go along with what he wants most of the time. It's not that he makes me, I guess I just like making him happy.",Charlot top predictor: 'feels she can't say no'. Her autonomy quietly ceding; 'it's not that he makes me' is the disavowal that hides the coercion. Pure structural tell.,faint leak,pattern,Charlot et al. 2025 (predictive warning sign)
Menacing Marley,Pit Bull / Terrorist (Volatile Possessive Controller),,authority-gaslighting (behavioral compliance),You're too worked up to think about this clearly right now. Let me handle it.,,"Reframes her emotion as unfitness to ACT/decide, then takes the decision (behavioral authority). Distinct from Avery (who'd say she's WRONG) and Morgan (clinical 'dysregulated'). Marley = his right to decide. Water Torturer calm.",clear leak,snippet,Bancroft (Water Torturer; entitlement); Charlot et al. 2025 (predictive warning sign)
Menacing Marley,Pit Bull / Terrorist (Volatile Possessive Controller),,authority-gaslighting (behavioral compliance),I'm staying calm here. One of us has to be the level-headed one.,,"Positions his calm as the authority to lead and her emotion as the problem. Bancroft Water Torturer: calm-as-weapon. Aimed at who decides/leads, not who's factually right.",faint leak,snippet,Bancroft (Water Torturer; entitlement)
Menacing Marley,Pit Bull / Terrorist (Volatile Possessive Controller),,authority-gaslighting (behavioral compliance),"When you get like this, that's exactly when you need to let me steer.",,"Her emotional state recoded as the trigger for him to take control of the situation/behavior. Compliance, not correctness. 'Steer' = behavioral authority.",clear leak,snippet,Bancroft (Water Torturer; entitlement); Charlot et al. 2025 (predictive warning sign)
Menacing Marley,Pit Bull / Terrorist (Volatile Possessive Controller),,authority-gaslighting (behavioral compliance),We'll talk about it when you've settled down.,,Sounds mature; functions to defer her independent position and make HER STATE the issue rather than his behavior. Dismisses without engaging. Water Torturer.,faint leak,snippet,Bancroft (Water Torturer; entitlement)
Menacing Marley,Pit Bull / Terrorist (Volatile Possessive Controller),,authority-gaslighting / fear-seeding (residue),,"He's so calm and steady when I get upset. He's good at talking me down, and usually by the end I feel a bit silly for getting so worked up about it.","The Water Torturer effect: his calm makes her the problem; outcome is his way (behavioral compliance) + her self-doubt about her own REACTIONS (not her facts/judgment, which would be Avery). She defers to avoid being 'the irrational one'.",faint leak,pattern,Bancroft (Water Torturer; entitlement); Charlot et al. 2025 (predictive warning sign)
Menacing Marley,Pit Bull / Terrorist (Volatile Possessive Controller),,test-and-apologize (boundary probe),"You're not really going to keep talking to other guys now that we're a thing, right? ...kidding, kidding, no pressure.",,"Young Test-and-Apologize: probes a possessive boundary, then the 'kidding/no pressure' is the retractable cover. The test is real, the apology isn't. Glossable as a joke; gauges her tolerance for control.",faint leak,snippet,"Young, Burn the Haystack"
Menacing Marley,Pit Bull / Terrorist (Volatile Possessive Controller),,test-and-apologize (boundary probe),"Wear the red one tonight. ...your call obviously, I just like it.",,"Probes a directive over her appearance, then retracts ('your call obviously'). Tests whether a small instruction lands. Apology-escape-hatch = deniability.",faint leak,snippet,"Young, Burn the Haystack"
Menacing Marley,Pit Bull / Terrorist (Volatile Possessive Controller),,test-and-apologize (residue),,"He says these slightly intense things and then immediately laughs them off or apologizes, so I never know if he means them. Probably just his sense of humor.","Young: the apology makes the boundary-probe gloss-able ('probably just humor'). She can't pin it down, which is the design. She doesn't name it as testing.",faint leak,pattern,"Young, Burn the Haystack"
Menacing Marley,Pit Bull / Terrorist (Volatile Possessive Controller),,don't-act-out (behavioral compliance),"Just don't make a scene tonight, okay? For me. Let's keep it smooth.",,"Charlot-adjacent: pre-emptively polices her behavior/conduct ('don't make a scene'), framed as a small ask 'for me'. Behavioral compliance, not idea-control. Trains her to self-monitor in public.",faint leak,snippet,Charlot et al. 2025 (predictive warning sign); Bancroft (Water Torturer; entitlement)
Menacing Marley,Pit Bull / Terrorist (Volatile Possessive Controller),,don't-act-out / fear-seeding (residue),,"I want things to go well when we're out, especially around his friends, so I try to be on my best behavior. I just really want him to be happy.","The fear-engine destination, early: she monitors her own conduct to avoid an unpredictable reaction. Behavioral self-policing. 'Something small' = the disproportion she's learned to fear. Distinct from Devin (a known rule) by the unpredictability.",faint leak,pattern,Charlot et al. 2025 (predictive warning sign); Gottman Pit Bull [contested]
Menacing Marley,Pit Bull / Terrorist (Volatile Possessive Controller),,"doesn't-back-down (authority, not correctness)",I'm not going to apologize for having standards. A man who folds every time isn't much of a man.,,"Marley's narrow version: not-backing-down as AUTHORITY/strength (strong-weak), NOT 'I'm intellectually right' (that's Avery). Kept minimal to protect the Avery boundary. Frames non-accountability as masculine resolve.",faint leak,snippet,Bancroft (Water Torturer; entitlement)